# relative_time, cycles_done, cur_item, corpus_count, pending_total, pending_favs, map_size, saved_crashes, saved_hangs, max_depth, execs_per_sec, total_execs, edges_found
61, 0, 1217, 1273, 1266, 354, 6.48%, 0, 0, 4, 2980.22, 181259, 3305
66, 0, 326, 1305, 1295, 364, 6.51%, 0, 0, 4, 2946.06, 196707, 3322
71, 0, 326, 1334, 1324, 364, 6.53%, 0, 0, 4, 2751.47, 210920, 3332
76, 0, 326, 1356, 1346, 364, 6.55%, 0, 0, 4, 2740.24, 224708, 3341
81, 0, 933, 1418, 1406, 380, 6.57%, 0, 0, 4, 2667.80, 237877, 3353
86, 0, 933, 1437, 1425, 380, 6.58%, 0, 0, 4, 2735.49, 251838, 3356
91, 0, 933, 1452, 1440, 380, 6.58%, 0, 0, 4, 2736.73, 265728, 3358
96, 0, 1430, 1476, 1463, 379, 6.60%, 0, 0, 5, 2816.30, 279920, 3364
101, 0, 1430, 1494, 1481, 379, 6.60%, 0, 0, 5, 2690.08, 293245, 3367
107, 0, 1487, 1512, 1497, 389, 6.60%, 0, 0, 6, 2625.05, 306783, 3368
112, 0, 948, 1543, 1523, 389, 6.63%, 0, 0, 6, 2843.80, 321433, 3380
117, 0, 948, 1550, 1530, 389, 6.63%, 0, 0, 6, 2986.31, 336817, 3380
122, 0, 1476, 1555, 1534, 388, 6.63%, 0, 0, 6, 2923.04, 351829, 3381
127, 0, 1476, 1574, 1553, 388, 6.64%, 0, 0, 6, 2868.66, 366067, 3384
132, 0, 1476, 1588, 1567, 388, 6.64%, 0, 0, 6, 2824.93, 380161, 3386
137, 0, 1476, 1615, 1594, 388, 6.65%, 0, 0, 6, 2223.28, 390789, 3390
142, 0, 30, 1667, 1643, 391, 6.69%, 0, 0, 6, 2399.81, 402719, 3411
147, 0, 30, 1681, 1657, 391, 6.69%, 0, 0, 6, 2636.28, 416705, 3413
153, 0, 30, 1691, 1667, 391, 6.69%, 0, 0, 6, 2672.04, 430288, 3414
158, 0, 1570, 1730, 1703, 397, 6.72%, 0, 0, 7, 2768.07, 444242, 3426
163, 0, 1570, 1740, 1713, 397, 6.73%, 0, 0, 7, 2722.73, 457807, 3433
168, 0, 1570, 1747, 1720, 397, 6.73%, 0, 0, 7, 2710.32, 471741, 3434
173, 0, 594, 1766, 1736, 407, 6.75%, 0, 0, 7, 2524.14, 484465, 3443
178, 0, 1138, 1786, 1755, 406, 6.78%, 0, 0, 7, 2630.10, 497988, 3460
183, 0, 860, 1806, 1773, 418, 6.81%, 0, 0, 7, 2787.31, 511885, 3475
188, 0, 943, 1832, 1798, 417, 6.83%, 0, 0, 7, 3090.72, 527454, 3482
193, 0, 99, 1872, 1837, 424, 6.92%, 0, 0, 7, 3030.23, 542904, 3530
198, 0, 99, 1942, 1907, 424, 7.08%, 0, 0, 7, 2981.96, 558235, 3610
203, 0, 1307, 1977, 1940, 442, 7.13%, 0, 0, 7, 2937.74, 573011, 3637
208, 0, 1307, 1986, 1949, 442, 7.13%, 0, 0, 7, 2943.13, 588163, 3638
213, 0, 1307, 1992, 1955, 442, 7.14%, 0, 0, 7, 2923.19, 602827, 3639
219, 0, 31, 2016, 1978, 441, 7.15%, 0, 0, 7, 2803.60, 617163, 3647
224, 0, 31, 2023, 1985, 441, 7.16%, 0, 0, 7, 2768.52, 630903, 3649
229, 0, 1741, 2052, 2012, 448, 7.17%, 0, 0, 8, 2775.14, 644916, 3656
234, 0, 1741, 2066, 2026, 448, 7.17%, 0, 0, 8, 2815.89, 659238, 3656
239, 0, 1741, 2085, 2045, 448, 7.17%, 0, 0, 8, 2749.29, 673317, 3658
244, 0, 1346, 2107, 2064, 448, 7.19%, 0, 0, 8, 2816.31, 687650, 3665
249, 0, 1346, 2111, 2068, 448, 7.19%, 0, 0, 8, 2837.91, 702130, 3666
254, 0, 2068, 2121, 2076, 447, 7.19%, 0, 0, 9, 2814.65, 716419, 3668
259, 0, 2068, 2133, 2088, 447, 7.19%, 0, 0, 9, 2761.17, 730495, 3668
264, 0, 1310, 2145, 2093, 439, 7.19%, 0, 0, 9, 2734.38, 744313, 3668
269, 0, 1904, 2162, 2109, 438, 7.24%, 0, 0, 9, 2968.34, 759572, 3690
274, 0, 1904, 2168, 2115, 438, 7.25%, 0, 0, 9, 3030.86, 774986, 3696
279, 0, 1843, 2180, 2122, 448, 7.25%, 0, 0, 9, 2990.42, 790029, 3699
284, 0, 1843, 2186, 2128, 448, 7.26%, 0, 0, 9, 3028.07, 805600, 3701
290, 0, 1416, 2192, 2131, 449, 7.26%, 0, 0, 9, 2938.54, 820683, 3703
295, 0, 2185, 2207, 2143, 449, 7.27%, 0, 0, 9, 2985.91, 835484, 3706
300, 0, 2185, 2212, 2148, 449, 7.27%, 0, 0, 9, 2960.05, 850805, 3706
305, 0, 1405, 2217, 2149, 446, 7.27%, 0, 0, 9, 2840.22, 865253, 3707
310, 0, 1524, 2230, 2160, 444, 7.27%, 0, 0, 9, 2754.94, 879135, 3710
315, 0, 1524, 2231, 2161, 444, 7.27%, 0, 0, 9, 2697.78, 892654, 3710
320, 0, 1545, 2238, 2166, 444, 7.27%, 0, 0, 9, 2761.63, 906557, 3710
325, 0, 2144, 2267, 2192, 453, 7.30%, 0, 0, 9, 2823.84, 920241, 3723
330, 0, 2144, 2269, 2194, 453, 7.30%, 0, 0, 9, 3062.52, 936475, 3723
335, 0, 2058, 2308, 2232, 454, 7.33%, 0, 0, 9, 3020.71, 951561, 3738
340, 0, 2058, 2320, 2244, 454, 7.34%, 0, 0, 9, 2810.29, 965991, 3742
345, 0, 1274, 2338, 2258, 457, 7.34%, 0, 0, 9, 2518.03, 977520, 3742
350, 0, 2159, 2356, 2271, 460, 7.36%, 0, 0, 9, 2864.53, 992490, 3755
355, 0, 2159, 2362, 2277, 460, 7.37%, 0, 0, 9, 2976.35, 1007748, 3759
360, 0, 2159, 2366, 2281, 460, 7.37%, 0, 0, 9, 2971.77, 1023007, 3759
365, 0, 1901, 2389, 2300, 465, 7.39%, 0, 0, 9, 2700.06, 1036758, 3767
370, 0, 1901, 2412, 2323, 465, 7.43%, 0, 0, 9, 2813.09, 1051172, 3791
376, 0, 2398, 2433, 2342, 473, 7.45%, 0, 0, 9, 2858.45, 1065799, 3797
381, 0, 2398, 2439, 2348, 473, 7.45%, 0, 0, 9, 2862.91, 1080439, 3797
386, 0, 784, 2443, 2349, 473, 7.45%, 0, 0, 9, 2800.21, 1094727, 3797
391, 0, 2111, 2455, 2358, 471, 7.45%, 0, 0, 9, 2934.42, 1109560, 3799
396, 0, 2111, 2456, 2359, 471, 7.45%, 0, 0, 9, 3037.45, 1125172, 3799
401, 0, 2055, 2481, 2383, 473, 7.46%, 0, 0, 9, 2557.54, 1137957, 3802
406, 0, 2055, 2485, 2387, 473, 7.46%, 0, 0, 9, 2595.67, 1151300, 3802
411, 0, 2055, 2492, 2394, 473, 7.46%, 0, 0, 9, 2235.51, 1163104, 3802
416, 0, 2061, 2512, 2409, 465, 7.46%, 0, 0, 9, 2153.51, 1175286, 3804
421, 0, 959, 2534, 2427, 465, 7.47%, 0, 0, 9, 2633.06, 1189082, 3812
426, 0, 940, 2536, 2420, 454, 7.47%, 0, 0, 9, 2770.11, 1203330, 3812
432, 0, 2218, 2553, 2434, 452, 7.48%, 0, 0, 9, 2831.69, 1217652, 3813
437, 0, 2218, 2556, 2437, 452, 7.48%, 0, 0, 9, 2823.41, 1231956, 3813
442, 0, 1791, 2582, 2460, 451, 7.57%, 0, 0, 9, 2793.03, 1246390, 3863
447, 0, 1791, 2588, 2466, 451, 7.58%, 0, 0, 9, 2860.41, 1260982, 3865
452, 0, 2018, 2591, 2465, 453, 7.58%, 0, 0, 9, 2765.27, 1274948, 3866
457, 0, 942, 2608, 2479, 450, 7.58%, 0, 0, 10, 2238.64, 1285973, 3866
462, 0, 1537, 2620, 2484, 444, 7.58%, 0, 0, 10, 2824.24, 1301031, 3868
467, 0, 1537, 2622, 2486, 444, 7.58%, 0, 0, 10, 3132.38, 1317685, 3868
472, 0, 2483, 2633, 2494, 443, 7.59%, 0, 0, 10, 3088.41, 1333379, 3869
478, 0, 2483, 2638, 2499, 443, 7.59%, 0, 0, 10, 2896.18, 1347683, 3869
483, 0, 2505, 2647, 2506, 444, 7.59%, 0, 0, 10, 2453.69, 1360375, 3870
488, 0, 2505, 2649, 2508, 444, 7.59%, 0, 0, 10, 1573.88, 1367224, 3870
493, 0, 2505, 2651, 2510, 444, 7.59%, 0, 0, 10, 1378.89, 1373882, 3870
498, 0, 2192, 2653, 2509, 442, 7.59%, 0, 0, 10, 1801.04, 1382603, 3870
503, 0, 2453, 2666, 2518, 439, 7.60%, 0, 0, 10, 2750.05, 1397624, 3874
508, 0, 2213, 2678, 2529, 440, 7.60%, 0, 0, 10, 2983.55, 1413525, 3877
513, 0, 2213, 2683, 2534, 440, 7.61%, 0, 0, 10, 2823.91, 1428003, 3879
519, 0, 2213, 2687, 2538, 440, 7.61%, 0, 0, 10, 2757.57, 1442274, 3879
524, 0, 2312, 2698, 2548, 442, 7.61%, 0, 0, 10, 2864.54, 1456783, 3882
529, 0, 2312, 2700, 2550, 442, 7.61%, 0, 0, 10, 2815.88, 1471195, 3882
534, 0, 2048, 2721, 2570, 442, 7.62%, 0, 0, 10, 2373.57, 1482175, 3884
539, 0, 2219, 2744, 2587, 438, 7.62%, 0, 0, 10, 2536.36, 1495038, 3886
544, 0, 2168, 2753, 2593, 435, 7.63%, 0, 0, 10, 2864.59, 1510206, 3893
549, 0, 2168, 2756, 2596, 435, 7.64%, 0, 0, 10, 2908.78, 1525036, 3894
554, 0, 2713, 2769, 2606, 437, 7.64%, 0, 0, 10, 2698.39, 1538950, 3895
559, 0, 2713, 2780, 2617, 437, 7.64%, 0, 0, 10, 2442.56, 1550978, 3897
564, 0, 2355, 2789, 2624, 440, 7.65%, 0, 0, 10, 2491.59, 1563312, 3900
570, 0, 2771, 2806, 2638, 438, 7.65%, 0, 0, 11, 2371.25, 1575409, 3901
575, 0, 2771, 2813, 2645, 438, 7.65%, 0, 0, 11, 2358.53, 1587262, 3902
580, 0, 2802, 2823, 2652, 439, 7.66%, 0, 0, 12, 2248.08, 1598974, 3909
585, 0, 2802, 2829, 2658, 439, 7.67%, 0, 0, 12, 2218.47, 1610110, 3910
590, 0, 2802, 2834, 2663, 439, 7.67%, 0, 0, 12, 2210.38, 1621286, 3910
595, 0, 1783, 2843, 2664, 434, 7.67%, 0, 0, 13, 2609.36, 1634439, 3913
600, 0, 40, 2864, 2683, 432, 7.69%, 0, 0, 13, 2773.26, 1648563, 3922
605, 0, 40, 2867, 2686, 432, 7.69%, 0, 0, 13, 2855.35, 1663308, 3923
610, 0, 2630, 2876, 2688, 432, 7.69%, 0, 0, 13, 2801.14, 1677649, 3924
615, 0, 2794, 2884, 2694, 432, 7.69%, 0, 0, 13, 2618.76, 1691024, 3924
620, 0, 2693, 2894, 2701, 428, 7.70%, 0, 0, 13, 2783.40, 1704988, 3926
625, 0, 2693, 2898, 2705, 428, 7.70%, 0, 0, 13, 2932.72, 1720071, 3926
630, 0, 966, 2915, 2716, 419, 7.71%, 0, 0, 13, 2809.85, 1733749, 3932
635, 0, 1077, 2917, 2707, 409, 7.71%, 0, 0, 13, 2924.29, 1749020, 3933
640, 0, 2817, 2922, 2703, 400, 7.72%, 0, 0, 13, 2495.24, 1761876, 3937
645, 0, 2817, 2930, 2711, 400, 7.74%, 0, 0, 13, 2069.19, 1771951, 3948
650, 0, 2817, 2933, 2714, 400, 7.75%, 0, 0, 13, 1837.06, 1780846, 3951
656, 0, 1971, 2939, 2718, 409, 7.76%, 0, 0, 13, 2434.33, 1793368, 3959
661, 0, 2818, 2948, 2722, 406, 7.77%, 0, 0, 13, 2310.43, 1805455, 3963
666, 0, 2818, 2953, 2727, 406, 7.78%, 0, 0, 13, 2186.64, 1816581, 3970
671, 0, 1773, 2958, 2731, 411, 7.79%, 0, 0, 13, 2399.00, 1828634, 3973
676, 0, 2904, 2970, 2742, 411, 7.79%, 0, 0, 13, 2696.57, 1842566, 3974
681, 0, 2043, 2978, 2748, 413, 7.79%, 0, 0, 13, 2689.04, 1856401, 3974
686, 0, 1199, 2987, 2750, 410, 7.79%, 0, 0, 13, 2687.62, 1870291, 3975
691, 0, 2380, 2999, 2756, 405, 7.83%, 0, 0, 13, 2408.68, 1882484, 3993
696, 0, 2380, 3006, 2763, 405, 7.86%, 0, 0, 13, 2234.54, 1893656, 4010
702, 0, 2699, 3014, 2769, 410, 7.87%, 0, 0, 13, 2261.46, 1905089, 4016
707, 0, 2699, 3020, 2775, 410, 7.88%, 0, 0, 13, 1870.04, 1914014, 4019
712, 0, 2699, 3024, 2779, 410, 7.88%, 0, 0, 13, 1813.97, 1923016, 4019
717, 0, 2699, 3033, 2788, 410, 7.88%, 0, 0, 13, 1683.95, 1931863, 4019
722, 0, 2996, 3047, 2801, 414, 7.89%, 0, 0, 13, 2082.50, 1942759, 4025
727, 0, 2996, 3052, 2806, 414, 7.89%, 0, 0, 13, 2255.82, 1954657, 4025
732, 0, 3044, 3056, 2803, 412, 7.89%, 0, 0, 13, 2583.77, 1968133, 4026
738, 0, 2941, 3066, 2808, 407, 7.91%, 0, 0, 13, 2500.65, 1981447, 4034
743, 0, 2941, 3079, 2821, 407, 7.94%, 0, 0, 13, 2247.62, 1992383, 4048
748, 0, 2941, 3084, 2826, 407, 7.94%, 0, 0, 13, 2202.98, 2003739, 4049
753, 0, 2120, 3090, 2823, 418, 7.97%, 0, 0, 13, 2673.21, 2017791, 4065
758, 0, 1137, 3098, 2829, 416, 7.98%, 0, 0, 13, 2908.01, 2032298, 4070
763, 0, 1137, 3103, 2834, 416, 7.99%, 0, 0, 13, 2985.04, 2047434, 4074
768, 0, 3083, 3107, 2835, 422, 7.99%, 0, 0, 13, 2748.27, 2061619, 4076
773, 0, 3083, 3113, 2841, 422, 8.00%, 0, 0, 13, 2266.57, 2072332, 4078
778, 0, 3083, 3115, 2843, 422, 8.00%, 0, 0, 13, 2166.49, 2083056, 4081
783, 0, 2411, 3121, 2844, 422, 8.01%, 0, 0, 13, 2564.34, 2096013, 4084
788, 0, 2806, 3127, 2842, 417, 8.02%, 0, 0, 13, 2567.95, 2109198, 4089
793, 0, 2806, 3133, 2848, 417, 8.02%, 0, 0, 13, 2355.94, 2121033, 4091
799, 0, 2806, 3137, 2852, 417, 8.02%, 0, 0, 13, 2232.02, 2132504, 4091
804, 0, 2910, 3147, 2859, 417, 8.02%, 0, 0, 13, 2357.50, 2144420, 4091
809, 0, 2910, 3149, 2861, 417, 8.03%, 0, 0, 13, 2607.40, 2157844, 4093
814, 0, 2910, 3150, 2862, 417, 8.03%, 0, 0, 13, 2665.49, 2171314, 4093
819, 0, 3133, 3154, 2861, 413, 8.03%, 0, 0, 13, 2604.05, 2184119, 4093
824, 0, 2933, 3168, 2874, 413, 8.06%, 0, 0, 13, 2085.87, 2194450, 4113
829, 0, 2933, 3177, 2883, 413, 8.09%, 0, 0, 13, 1965.53, 2204560, 4128
834, 0, 2897, 3182, 2887, 428, 8.10%, 0, 0, 13, 2190.84, 2215236, 4130
840, 0, 1311, 3191, 2890, 426, 8.11%, 0, 0, 13, 2476.26, 2228270, 4134
845, 0, 3005, 3200, 2898, 425, 8.11%, 0, 0, 13, 2361.48, 2240100, 4135
850, 0, 3005, 3203, 2901, 425, 8.11%, 0, 0, 13, 2295.33, 2251675, 4136
855, 0, 3065, 3210, 2904, 425, 8.12%, 0, 0, 13, 2343.72, 2263993, 4139
860, 0, 3065, 3213, 2907, 425, 8.12%, 0, 0, 13, 2181.54, 2274781, 4141
865, 0, 3065, 3216, 2910, 425, 8.12%, 0, 0, 13, 2136.73, 2284680, 4142
870, 0, 3010, 3218, 2902, 421, 8.12%, 0, 0, 13, 2629.38, 2299119, 4142
875, 0, 3010, 3234, 2918, 421, 8.13%, 0, 0, 13, 1965.39, 2308217, 4145
880, 0, 3010, 3237, 2921, 421, 8.13%, 0, 0, 13, 1800.86, 2317394, 4145
885, 0, 565, 3240, 2918, 417, 8.14%, 0, 0, 14, 2219.19, 2328987, 4149
891, 0, 18, 3247, 2914, 406, 8.14%, 0, 0, 14, 2549.79, 2342808, 4153
896, 0, 2974, 3253, 2918, 405, 8.14%, 0, 0, 14, 2529.31, 2355564, 4153
901, 0, 2974, 3253, 2918, 405, 8.14%, 0, 0, 14, 2603.29, 2368777, 4153
906, 0, 3096, 3262, 2923, 403, 8.15%, 0, 0, 14, 2909.70, 2383487, 4157
911, 0, 3107, 3275, 2931, 400, 8.16%, 0, 0, 14, 2436.76, 2396306, 4164
916, 0, 3107, 3282, 2938, 400, 8.17%, 0, 0, 14, 2212.74, 2407518, 4167
921, 0, 2971, 3286, 2941, 409, 8.17%, 0, 0, 14, 2143.33, 2418160, 4168
926, 0, 2258, 3291, 2940, 404, 8.17%, 0, 0, 14, 2267.08, 2430163, 4168
931, 0, 2678, 3298, 2937, 398, 8.18%, 0, 0, 14, 2710.27, 2444562, 4174
936, 0, 1898, 3301, 2936, 395, 8.19%, 0, 0, 14, 2540.13, 2457133, 4175
942, 0, 3207, 3308, 2938, 390, 8.19%, 0, 0, 14, 2490.87, 2469847, 4175
947, 0, 2877, 3314, 2936, 383, 8.19%, 0, 0, 14, 2587.72, 2483270, 4175
952, 0, 2789, 3323, 2941, 380, 8.19%, 0, 0, 14, 2608.81, 2495971, 4179
957, 0, 2789, 3324, 2942, 380, 8.19%, 0, 0, 14, 2873.10, 2510715, 4179
962, 0, 2937, 3327, 2943, 382, 8.19%, 0, 0, 14, 2905.27, 2525439, 4179
967, 0, 3126, 3333, 2941, 377, 8.19%, 0, 0, 14, 2663.94, 2538695, 4179
972, 0, 2000, 3342, 2945, 372, 8.20%, 0, 0, 14, 2439.32, 2550995, 4180
977, 0, 3273, 3345, 2941, 366, 8.20%, 0, 0, 14, 2515.53, 2564168, 4180
982, 0, 3321, 3351, 2941, 363, 8.20%, 0, 0, 15, 2439.31, 2575829, 4180
987, 0, 3123, 3356, 2940, 359, 8.20%, 0, 0, 15, 2440.78, 2588581, 4182
992, 0, 2231, 3364, 2943, 355, 8.20%, 0, 0, 15, 2547.32, 2601139, 4184
997, 0, 3237, 3369, 2940, 350, 8.21%, 0, 0, 15, 2554.52, 2614257, 4188
1003, 0, 2069, 3372, 2938, 346, 8.21%, 0, 0, 15, 2532.56, 2627286, 4188
1008, 0, 2979, 3378, 2939, 343, 8.21%, 0, 0, 15, 2348.48, 2639124, 4188
1013, 0, 2953, 3388, 2947, 342, 8.23%, 0, 0, 15, 2145.03, 2649806, 4198
1018, 0, 2953, 3393, 2952, 342, 8.24%, 0, 0, 15, 2073.12, 2660414, 4202
1023, 0, 3271, 3396, 2954, 353, 8.24%, 0, 0, 15, 2099.04, 2670964, 4203
1028, 0, 3100, 3405, 2959, 350, 8.25%, 0, 0, 15, 2401.08, 2682965, 4208
1033, 0, 3351, 3409, 2957, 349, 8.25%, 0, 0, 15, 2544.99, 2696511, 4208
1038, 0, 1796, 3416, 2958, 343, 8.26%, 0, 0, 15, 2775.80, 2710868, 4213
1044, 0, 2930, 3419, 2955, 343, 8.26%, 0, 0, 15, 2515.74, 2724054, 4215
1049, 0, 2577, 3425, 2954, 338, 8.27%, 0, 0, 15, 2582.05, 2736808, 4216
1054, 0, 3007, 3427, 2952, 334, 8.27%, 0, 0, 15, 2503.96, 2749642, 4216
1059, 0, 3397, 3435, 2957, 333, 8.27%, 0, 0, 16, 2444.81, 2762524, 4220
1064, 0, 3397, 3436, 2958, 333, 8.27%, 0, 0, 16, 2289.41, 2773830, 4220
1069, 0, 3397, 3438, 2960, 333, 8.27%, 0, 0, 16, 2253.56, 2785501, 4220
1074, 0, 3388, 3440, 2959, 333, 8.27%, 0, 0, 16, 2232.10, 2797011, 4220
1079, 0, 3390, 3444, 2958, 329, 8.28%, 0, 0, 16, 2076.48, 2807689, 4222
1084, 0, 2492, 3454, 2963, 326, 8.28%, 0, 0, 16, 2394.65, 2820350, 4222
1089, 0, 2492, 3455, 2964, 326, 8.28%, 0, 0, 16, 2714.89, 2834421, 4222
1094, 0, 3298, 3458, 2965, 324, 8.28%, 0, 0, 16, 2636.00, 2847918, 4222
1100, 0, 3181, 3463, 2968, 322, 8.28%, 0, 0, 16, 2512.45, 2860470, 4223
1105, 0, 3160, 3466, 2968, 320, 8.28%, 0, 0, 16, 2159.47, 2871112, 4223
1110, 0, 173, 3470, 2967, 316, 8.29%, 0, 0, 16, 2162.90, 2882169, 4226
1115, 0, 2624, 3476, 2966, 309, 8.29%, 0, 0, 16, 2407.80, 2894865, 4227
1120, 0, 2970, 3481, 2965, 305, 8.29%, 0, 0, 16, 2495.02, 2907656, 4229
1125, 0, 3467, 3489, 2971, 304, 8.30%, 0, 0, 16, 2661.55, 2920728, 4231
1130, 0, 3467, 3491, 2973, 304, 8.30%, 0, 0, 16, 2811.42, 2935151, 4232
1135, 0, 2844, 3504, 2985, 307, 8.30%, 0, 0, 16, 2708.15, 2948948, 4235
1140, 0, 745, 3504, 2977, 300, 8.30%, 0, 0, 16, 2441.93, 2960705, 4235
1145, 0, 3035, 3510, 2982, 299, 8.30%, 0, 0, 16, 2420.15, 2972855, 4235
1150, 0, 3035, 3511, 2983, 299, 8.31%, 0, 0, 16, 2386.57, 2984993, 4236
1155, 0, 3481, 3515, 2986, 300, 8.31%, 0, 0, 16, 2178.23, 2996090, 4237
1160, 0, 2929, 3517, 2984, 296, 8.31%, 0, 0, 16, 2259.71, 3007429, 4237
1165, 0, 2781, 3522, 2987, 295, 8.31%, 0, 0, 16, 2202.92, 3018607, 4237
1171, 0, 2255, 3525, 2985, 292, 8.31%, 0, 0, 16, 2519.29, 3031611, 4238
1176, 0, 2447, 3527, 2982, 290, 8.31%, 0, 0, 16, 2519.18, 3044408, 4238
1181, 0, 3306, 3533, 2986, 289, 8.32%, 0, 0, 16, 2203.09, 3055550, 4241
1186, 0, 3306, 3535, 2988, 289, 8.32%, 0, 0, 16, 2049.18, 3065745, 4241
1191, 0, 3306, 3537, 2990, 289, 8.32%, 0, 0, 16, 2012.54, 3076042, 4242
1196, 0, 3517, 3540, 2990, 291, 8.32%, 0, 0, 16, 2134.68, 3086474, 4242
1201, 0, 2584, 3554, 3001, 289, 8.33%, 0, 0, 16, 2612.05, 3100200, 4246
1206, 0, 2584, 3558, 3005, 289, 8.33%, 0, 0, 16, 2919.81, 3115745, 4246
1211, 0, 3385, 3558, 3003, 290, 8.33%, 0, 0, 16, 2647.11, 3129622, 4246
1217, 0, 2169, 3571, 3011, 285, 8.33%, 0, 0, 16, 2393.79, 3140986, 4248
1222, 0, 2169, 3575, 3015, 285, 8.33%, 0, 0, 16, 2654.90, 3155240, 4250
1227, 0, 2169, 3576, 3016, 285, 8.34%, 0, 0, 16, 2689.53, 3168901, 4252
1232, 0, 3532, 3580, 3016, 285, 8.34%, 0, 0, 16, 2355.58, 3180836, 4252
1237, 0, 3411, 3582, 3013, 281, 8.34%, 0, 0, 16, 2258.09, 3191284, 4252
1242, 0, 3384, 3588, 3015, 278, 8.34%, 0, 0, 16, 2179.15, 3202249, 4252
1247, 0, 3400, 3596, 3018, 275, 8.34%, 0, 0, 16, 2135.51, 3213368, 4253
1252, 0, 3400, 3597, 3019, 275, 8.34%, 0, 0, 16, 1846.96, 3222294, 4253
1257, 0, 3431, 3602, 3023, 275, 8.34%, 0, 0, 17, 2142.42, 3233202, 4253
1262, 0, 3431, 3603, 3024, 275, 8.34%, 0, 0, 17, 2262.20, 3244808, 4253
1267, 0, 3431, 3603, 3024, 275, 8.34%, 0, 0, 17, 2294.98, 3256598, 4253
1272, 0, 2964, 3605, 3022, 274, 8.34%, 0, 0, 17, 2400.97, 3268400, 4253
1278, 0, 3377, 3611, 3024, 270, 8.34%, 0, 0, 17, 2263.35, 3280054, 4253
1283, 0, 3377, 3611, 3024, 270, 8.34%, 0, 0, 17, 2112.85, 3290764, 4253
1288, 0, 2999, 3613, 3021, 267, 8.34%, 0, 0, 17, 2522.03, 3303608, 4253
1293, 0, 3175, 3615, 3016, 260, 8.34%, 0, 0, 17, 2359.07, 3316080, 4253
1298, 0, 3270, 3621, 3017, 258, 8.35%, 0, 0, 17, 2334.07, 3328116, 4256
1303, 0, 3354, 3625, 3015, 253, 8.35%, 0, 0, 17, 2234.19, 3339684, 4256
1308, 0, 3328, 3630, 3015, 250, 8.35%, 0, 0, 17, 2188.09, 3351127, 4257
1313, 0, 3269, 3632, 3009, 243, 8.35%, 0, 0, 17, 2462.65, 3363974, 4257
1318, 0, 3544, 3634, 3008, 241, 8.35%, 0, 0, 17, 1961.33, 3373551, 4257
1323, 0, 3598, 3635, 3006, 238, 8.35%, 0, 0, 17, 1740.66, 3381638, 4257
1329, 0, 3060, 3639, 3007, 235, 8.35%, 0, 0, 17, 1689.18, 3390124, 4257
1334, 0, 581, 3640, 3002, 229, 8.35%, 0, 0, 17, 2039.01, 3400644, 4257
1339, 0, 484, 3645, 3003, 226, 8.35%, 0, 0, 17, 1500.11, 3410189, 4260
1344, 0, 3020, 3649, 3004, 223, 8.35%, 0, 0, 17, 1312.34, 3417234, 4260
1349, 0, 2155, 3650, 3003, 222, 8.36%, 0, 0, 17, 1573.25, 3425058, 4261
1354, 0, 3534, 3657, 3007, 219, 8.36%, 0, 0, 17, 1868.78, 3435168, 4261
1359, 0, 3592, 3665, 3012, 216, 8.36%, 0, 0, 17, 2008.68, 3445925, 4261
1364, 0, 3210, 3669, 3015, 215, 8.36%, 0, 0, 17, 1829.22, 3455303, 4261
1370, 0, 3267, 3671, 3010, 208, 8.36%, 0, 0, 17, 2140.31, 3467248, 4261
1375, 0, 3575, 3678, 3013, 205, 8.36%, 0, 0, 17, 1961.76, 3476502, 4261
1380, 0, 3575, 3685, 3020, 205, 8.36%, 0, 0, 17, 2549.11, 3490182, 4262
1385, 0, 3575, 3686, 3021, 205, 8.36%, 0, 0, 17, 2816.12, 3505162, 4262
1390, 0, 3626, 3690, 3020, 204, 8.36%, 0, 0, 17, 2572.19, 3518053, 4264
1395, 0, 3642, 3697, 3024, 201, 8.36%, 0, 0, 17, 2634.25, 3531313, 4266
1400, 0, 3642, 3703, 3030, 201, 8.37%, 0, 0, 17, 2832.26, 3545837, 4270
1405, 0, 739, 3707, 3033, 205, 8.37%, 0, 0, 17, 2816.90, 3560340, 4271
1410, 0, 3255, 3709, 3028, 198, 8.38%, 0, 0, 17, 2438.56, 3572010, 4273
1415, 0, 3709, 3715, 3032, 198, 8.38%, 0, 0, 18, 2344.43, 3584202, 4273
1420, 0, 3709, 3715, 3032, 198, 8.38%, 0, 0, 18, 2264.55, 3595855, 4273
1426, 0, 3345, 3719, 3031, 195, 8.38%, 0, 0, 18, 2181.30, 3607247, 4273
1431, 0, 3345, 3719, 3031, 195, 8.38%, 0, 0, 18, 2104.50, 3617737, 4273
1436, 0, 3713, 3726, 3034, 197, 8.38%, 0, 0, 19, 2362.85, 3629893, 4273
1441, 0, 3172, 3737, 3041, 193, 8.38%, 0, 0, 19, 1842.60, 3639483, 4273
1446, 0, 960, 3743, 3042, 189, 8.38%, 0, 0, 19, 2416.78, 3651646, 4273
1451, 0, 3745, 3751, 3044, 187, 8.39%, 0, 0, 19, 2651.39, 3665623, 4278
1456, 0, 3602, 3758, 3050, 186, 8.39%, 0, 0, 19, 2632.69, 3679814, 4278
1461, 0, 3602, 3759, 3051, 186, 8.39%, 0, 0, 19, 2454.65, 3692403, 4278
1467, 0, 3602, 3761, 3053, 186, 8.39%, 0, 0, 19, 2438.33, 3704726, 4278
1472, 0, 3105, 3763, 3054, 187, 8.39%, 0, 0, 19, 2310.34, 3716410, 4278
1477, 0, 2166, 3765, 3051, 183, 8.39%, 0, 0, 19, 2325.08, 3728393, 4279
1482, 0, 3601, 3768, 3052, 181, 8.39%, 0, 0, 19, 2224.23, 3739086, 4279
1487, 0, 3524, 3771, 3050, 178, 8.39%, 0, 0, 19, 2433.68, 3751942, 4279
1492, 0, 3759, 3776, 3051, 177, 8.39%, 0, 0, 19, 2508.63, 3764771, 4279
1497, 0, 3748, 3778, 3048, 172, 8.39%, 0, 0, 19, 2448.44, 3776454, 4279
1502, 0, 3472, 3780, 3044, 166, 8.39%, 0, 0, 19, 2615.77, 3789867, 4279
1507, 0, 943, 3783, 3039, 160, 8.39%, 0, 0, 19, 2688.20, 3803354, 4280
1512, 0, 2880, 3786, 3037, 156, 8.39%, 0, 0, 19, 2294.46, 3814260, 4280
1517, 0, 639, 3792, 3039, 152, 8.40%, 0, 0, 19, 2315.25, 3825342, 4282
1522, 0, 3533, 3795, 3040, 150, 8.40%, 0, 0, 19, 2281.47, 3836996, 4283
1527, 0, 3767, 3801, 3041, 148, 8.40%, 0, 0, 19, 2286.35, 3848899, 4285
1533, 0, 3426, 3805, 3041, 144, 8.40%, 0, 0, 19, 2296.60, 3860914, 4285
1538, 0, 3486, 3806, 3034, 136, 8.40%, 0, 0, 19, 2481.37, 3873353, 4285
1543, 0, 3391, 3813, 3037, 133, 8.41%, 0, 0, 19, 2326.17, 3885513, 4287
1548, 0, 3741, 3818, 3039, 130, 8.41%, 0, 0, 19, 2440.14, 3897436, 4287
1553, 0, 1580, 3824, 3039, 126, 8.41%, 0, 0, 19, 2427.63, 3909723, 4287
1558, 0, 3224, 3828, 3036, 120, 8.41%, 0, 0, 19, 2240.74, 3921821, 4287
1563, 0, 3224, 3829, 3037, 120, 8.41%, 0, 0, 19, 1990.20, 3931609, 4287
1568, 0, 3224, 3830, 3038, 120, 8.41%, 0, 0, 19, 1860.93, 3940729, 4287
1573, 0, 2447, 3833, 3036, 117, 8.41%, 0, 0, 19, 2339.72, 3952369, 4289
1578, 0, 3834, 3837, 3037, 115, 8.41%, 0, 0, 19, 2303.72, 3964618, 4289
1583, 0, 1484, 3839, 3036, 112, 8.41%, 0, 0, 19, 2375.45, 3976657, 4289
1588, 0, 3795, 3842, 3038, 111, 8.41%, 0, 0, 19, 2070.36, 3987215, 4289
1593, 0, 3476, 3845, 3039, 109, 8.41%, 0, 0, 19, 2171.51, 3998065, 4289
1598, 0, 3822, 3848, 3038, 105, 8.41%, 0, 0, 19, 2403.93, 4011201, 4289
1604, 0, 2334, 3855, 3041, 102, 8.41%, 0, 0, 19, 2310.22, 4023242, 4290
1609, 0, 2334, 3856, 3042, 102, 8.41%, 0, 0, 19, 2121.49, 4033808, 4290
1614, 0, 2334, 3857, 3043, 102, 8.41%, 0, 0, 19, 2079.12, 4044285, 4290
1619, 0, 2630, 3864, 3043, 97, 8.41%, 0, 0, 19, 2670.68, 4058306, 4291
1624, 0, 3348, 3867, 3045, 96, 8.41%, 0, 0, 19, 2319.67, 4069530, 4291
1629, 0, 3794, 3869, 3043, 92, 8.41%, 0, 0, 19, 2502.43, 4082970, 4291
1634, 0, 3389, 3870, 3041, 91, 8.41%, 0, 0, 19, 2415.48, 4095186, 4291
1639, 0, 1961, 3878, 3045, 88, 8.42%, 0, 0, 19, 2235.51, 4106065, 4293
1644, 0, 2039, 3881, 3044, 86, 8.42%, 0, 0, 19, 2567.02, 4119978, 4293
1649, 0, 2985, 3882, 3039, 80, 8.42%, 0, 0, 19, 2517.12, 4132457, 4293
1655, 0, 2621, 3886, 3040, 77, 8.42%, 0, 0, 19, 2907.27, 4148041, 4293
1660, 0, 2061, 3888, 3037, 73, 8.42%, 0, 0, 19, 2592.82, 4160028, 4293
1665, 0, 3067, 3892, 3041, 75, 8.42%, 0, 0, 19, 2281.78, 4171461, 4293
1670, 0, 2064, 3892, 3035, 73, 8.42%, 0, 0, 19, 2321.85, 4183115, 4293
1675, 0, 3174, 3894, 3032, 69, 8.42%, 0, 0, 19, 2357.83, 4195433, 4293
1680, 0, 2493, 3896, 3030, 65, 8.42%, 0, 0, 19, 2397.98, 4206942, 4293
1685, 0, 1071, 3903, 3034, 67, 8.42%, 0, 0, 19, 2890.91, 4222675, 4296
1690, 0, 3848, 3904, 3031, 66, 8.42%, 0, 0, 19, 2373.61, 4233929, 4296
1695, 0, 3888, 3913, 3039, 66, 8.42%, 0, 0, 19, 2092.35, 4244212, 4296
1700, 0, 3888, 3914, 3040, 66, 8.42%, 0, 0, 19, 1984.54, 4254385, 4296
1705, 0, 3771, 3918, 3043, 67, 8.42%, 0, 0, 19, 2086.70, 4265155, 4296
1710, 0, 3909, 3919, 3041, 66, 8.42%, 0, 0, 19, 2105.16, 4275876, 4296
1716, 0, 3835, 3922, 3040, 63, 8.42%, 0, 0, 19, 2200.09, 4287019, 4296
1721, 0, 2746, 3925, 3040, 61, 8.42%, 0, 0, 19, 2030.04, 4297340, 4296
1726, 0, 3455, 3926, 3038, 59, 8.42%, 0, 0, 19, 2314.29, 4309080, 4296
1731, 0, 3684, 3928, 3038, 58, 8.42%, 0, 0, 19, 2590.38, 4321925, 4296
1736, 0, 3719, 3930, 3034, 52, 8.42%, 0, 0, 19, 2378.34, 4334156, 4296
1741, 0, 3800, 3933, 3032, 48, 8.42%, 0, 0, 19, 2296.89, 4345579, 4296
1746, 0, 3889, 3936, 3031, 45, 8.42%, 0, 0, 20, 2151.47, 4356310, 4296
1751, 0, 3094, 3937, 3028, 42, 8.42%, 0, 0, 20, 2203.65, 4367239, 4296
1757, 0, 1975, 3940, 3025, 38, 8.43%, 0, 0, 20, 2583.15, 4381080, 4297
1762, 0, 3527, 3942, 3025, 36, 8.43%, 0, 0, 20, 2627.58, 4394569, 4297
1767, 0, 3699, 3949, 3030, 34, 8.43%, 0, 0, 20, 2911.81, 4409581, 4298
1772, 0, 3699, 3950, 3031, 34, 8.43%, 0, 0, 20, 2908.68, 4424379, 4298
1777, 0, 3536, 3952, 3029, 34, 8.43%, 0, 0, 20, 2687.55, 4438571, 4298
1782, 0, 3174, 3954, 3028, 31, 8.43%, 0, 0, 20, 2157.91, 4448519, 4298
1787, 0, 3238, 3956, 3028, 29, 8.43%, 0, 0, 20, 2307.26, 4460360, 4298
1792, 0, 3756, 3964, 3032, 26, 8.43%, 0, 0, 20, 2406.97, 4472153, 4299
1797, 0, 3915, 3970, 3037, 25, 8.43%, 0, 0, 20, 2014.44, 4482499, 4299
1802, 0, 3191, 3974, 3038, 24, 8.43%, 0, 0, 20, 2189.54, 4493578, 4300
1807, 0, 3443, 3975, 3038, 24, 8.43%, 0, 0, 20, 2657.16, 4507573, 4300
1812, 0, 1324, 3977, 3036, 22, 8.43%, 0, 0, 20, 2713.10, 4520706, 4300
1817, 0, 2061, 3979, 3037, 22, 8.43%, 0, 0, 20, 2552.94, 4534646, 4300
1823, 0, 3609, 3984, 3038, 21, 8.43%, 0, 0, 20, 2407.40, 4547349, 4301
1828, 0, 3609, 3986, 3040, 21, 8.43%, 0, 0, 20, 2216.31, 4558581, 4301
1833, 0, 3609, 3986, 3040, 21, 8.43%, 0, 0, 20, 2156.75, 4569268, 4301
1838, 0, 3711, 3987, 3038, 20, 8.43%, 0, 0, 20, 2299.31, 4580773, 4301
1843, 0, 3701, 3987, 3034, 17, 8.43%, 0, 0, 20, 2489.45, 4593439, 4301
1848, 0, 3876, 3991, 3037, 17, 8.43%, 0, 0, 20, 2517.78, 4606791, 4301
1853, 0, 3876, 3998, 3044, 17, 8.44%, 0, 0, 20, 2797.66, 4621139, 4306
1858, 0, 2813, 4001, 3046, 22, 8.44%, 0, 0, 20, 2695.47, 4635198, 4306
1863, 0, 3992, 4007, 3051, 22, 8.45%, 0, 0, 20, 2493.42, 4647663, 4308
1868, 0, 3992, 4015, 3059, 22, 8.45%, 0, 0, 20, 2798.56, 4662140, 4308
1873, 0, 3992, 4018, 3062, 22, 8.45%, 0, 0, 20, 2842.58, 4676675, 4309
1878, 0, 2259, 4018, 3058, 22, 8.45%, 0, 0, 20, 2765.10, 4690692, 4309
1883, 0, 2310, 4019, 3056, 20, 8.45%, 0, 0, 20, 2547.27, 4703577, 4310
1888, 0, 2897, 4023, 3057, 19, 8.46%, 0, 0, 20, 2731.62, 4717053, 4312
1893, 0, 954, 4024, 3053, 15, 8.46%, 0, 0, 20, 2706.84, 4730159, 4312
1898, 0, 3974, 4025, 3051, 13, 8.46%, 0, 0, 20, 2541.98, 4742845, 4312
1904, 0, 3821, 4029, 3054, 13, 8.46%, 0, 0, 20, 2305.14, 4754417, 4313
1909, 0, 3972, 4031, 3051, 12, 8.46%, 0, 0, 20, 2638.22, 4768517, 4313
1914, 0, 3986, 4034, 3053, 11, 8.46%, 0, 0, 20, 2172.73, 4778854, 4313
1919, 0, 559, 4035, 3053, 10, 8.46%, 0, 0, 20, 2436.96, 4791092, 4313
1924, 0, 954, 4037, 3053, 8, 8.46%, 0, 0, 20, 2821.54, 4805896, 4313
1929, 0, 2077, 4039, 3053, 7, 8.46%, 0, 0, 20, 2782.61, 4818927, 4313
1934, 0, 3737, 4042, 3054, 7, 8.46%, 0, 0, 20, 2213.12, 4829541, 4313
1939, 0, 3859, 4043, 3054, 6, 8.46%, 0, 0, 20, 2301.32, 4840681, 4313
1944, 0, 3460, 4045, 3055, 7, 8.46%, 0, 0, 20, 2418.36, 4852925, 4315
1949, 0, 4043, 4052, 3062, 7, 8.48%, 0, 0, 20, 2222.57, 4863907, 4325
1954, 0, 4043, 4054, 3064, 7, 8.48%, 0, 0, 20, 2850.14, 4879574, 4326
1959, 0, 4052, 4055, 3063, 12, 8.48%, 0, 0, 20, 2810.57, 4893929, 4326
1964, 0, 4026, 4059, 3066, 12, 8.48%, 0, 0, 20, 2729.95, 4908182, 4327
1970, 0, 2969, 4062, 3066, 11, 8.48%, 0, 0, 20, 2868.15, 4923131, 4327
1975, 0, 2256, 4062, 3063, 9, 8.48%, 0, 0, 20, 2910.52, 4938020, 4327
1980, 0, 4039, 4064, 3063, 8, 8.48%, 0, 0, 20, 2888.34, 4953051, 4327
1985, 0, 4050, 4066, 3063, 7, 8.49%, 0, 0, 20, 2894.73, 4967784, 4328
1990, 0, 4060, 4068, 3062, 5, 8.49%, 0, 0, 20, 2770.77, 4982083, 4328
1995, 0, 4048, 4070, 3061, 3, 8.49%, 0, 0, 20, 2743.54, 4996967, 4328
2000, 0, 2971, 4072, 3061, 2, 8.49%, 0, 0, 20, 2709.93, 5010782, 4328
2005, 0, 2757, 4076, 3065, 2, 8.49%, 0, 0, 20, 2708.08, 5023675, 4328
2010, 0, 3477, 4076, 3063, 2, 8.49%, 0, 0, 20, 2615.87, 5036757, 4328
2015, 0, 2971, 4078, 3065, 2, 8.49%, 0, 0, 20, 2416.11, 5049338, 4328
2020, 0, 4079, 4080, 3067, 3, 8.49%, 0, 0, 20, 2673.88, 5063094, 4328
2025, 0, 1180, 4083, 3067, 3, 8.49%, 0, 0, 20, 2683.90, 5076861, 4328
2030, 0, 4082, 4086, 3068, 3, 8.49%, 0, 0, 20, 2484.61, 5089755, 4328
2035, 0, 2655, 4087, 3068, 2, 8.49%, 0, 0, 20, 2972.05, 5105675, 4328
2041, 0, 1559, 4088, 3067, 2, 8.49%, 0, 0, 20, 2946.35, 5120919, 4330
2046, 0, 76, 4089, 3066, 2, 8.49%, 0, 0, 20, 3001.38, 5136144, 4330
2051, 0, 3157, 4089, 3066, 2, 8.49%, 0, 0, 20, 2411.88, 5148243, 4330
2056, 0, 2258, 4089, 3066, 2, 8.49%, 0, 0, 20, 2459.61, 5160223, 4330
2061, 0, 4007, 4090, 3067, 2, 8.49%, 0, 0, 20, 2675.51, 5173422, 4330
2066, 0, 2999, 4090, 3067, 3, 8.49%, 0, 0, 20, 2647.12, 5187297, 4330
2071, 0, 4087, 4095, 3072, 3, 8.51%, 0, 0, 20, 2849.80, 5201739, 4338
2076, 0, 4087, 4096, 3073, 3, 8.51%, 0, 0, 20, 2921.61, 5216691, 4339
2081, 0, 3274, 4097, 3071, 7, 8.51%, 0, 0, 20, 2737.33, 5230629, 4341
2086, 0, 3274, 4098, 3072, 7, 8.51%, 0, 0, 20, 2205.13, 5240933, 4341
2091, 0, 4093, 4099, 3070, 5, 8.51%, 0, 0, 20, 2637.37, 5254479, 4341
2097, 0, 3990, 4102, 3069, 3, 8.51%, 0, 0, 20, 2812.49, 5268816, 4341
2102, 0, 3990, 4104, 3071, 3, 8.51%, 0, 0, 20, 2871.00, 5283465, 4342
2107, 0, 2693, 4104, 3071, 4, 8.51%, 0, 0, 20, 2947.46, 5298463, 4342
2112, 0, 4103, 4109, 3076, 4, 8.52%, 0, 0, 20, 2892.21, 5312820, 4343
2117, 0, 4103, 4111, 3078, 4, 8.52%, 0, 0, 20, 2924.55, 5327787, 4343
2122, 0, 2449, 4111, 3076, 3, 8.52%, 0, 0, 20, 2946.35, 5342674, 4343
2127, 0, 3626, 4114, 3079, 3, 8.52%, 0, 0, 20, 2568.57, 5355762, 4343
2132, 0, 3476, 4116, 3078, 3, 8.52%, 0, 0, 20, 2665.50, 5368777, 4343
2137, 0, 4080, 4116, 3078, 3, 8.52%, 0, 0, 20, 2953.47, 5383896, 4343
2142, 0, 3272, 4117, 3079, 3, 8.52%, 0, 0, 20, 2343.80, 5395445, 4343
2147, 0, 2061, 4117, 3079, 3, 8.52%, 0, 0, 20, 2573.68, 5407896, 4343
2152, 0, 4094, 4119, 3080, 3, 8.52%, 0, 0, 20, 2647.54, 5420626, 4343
2157, 0, 3067, 4120, 3081, 3, 8.52%, 0, 0, 20, 2696.01, 5434719, 4343
2162, 0, 3067, 4120, 3081, 3, 8.52%, 0, 0, 20, 2186.77, 5445111, 4343
2167, 0, 2964, 4120, 3079, 3, 8.52%, 0, 0, 20, 2277.60, 5457074, 4343
2172, 0, 3486, 4122, 3079, 3, 8.52%, 0, 0, 20, 2659.43, 5470636, 4343
2177, 0, 3927, 4126, 3082, 2, 8.52%, 0, 0, 20, 2926.20, 5485499, 4343
2182, 0, 2638, 4126, 3082, 2, 8.52%, 0, 0, 20, 2875.68, 5500304, 4343
2187, 0, 3148, 4128, 3081, 1, 8.52%, 0, 0, 20, 2803.63, 5514256, 4343
2192, 0, 1633, 4130, 3083, 1, 8.52%, 0, 0, 20, 2499.73, 5527006, 4343
2197, 0, 3162, 4130, 3079, 1, 8.52%, 0, 0, 20, 2441.86, 5539270, 4343
2203, 0, 3169, 4131, 3080, 1, 8.52%, 0, 0, 20, 2049.96, 5549888, 4343
2208, 0, 959, 4131, 3080, 1, 8.52%, 0, 0, 20, 2285.33, 5560727, 4343
2213, 0, 3990, 4132, 3081, 1, 8.52%, 0, 0, 20, 2824.37, 5575376, 4343
2218, 0, 2355, 4135, 3083, 2, 8.52%, 0, 0, 20, 2880.08, 5590218, 4343
2223, 0, 3990, 4136, 3084, 2, 8.52%, 0, 0, 20, 3008.90, 5605623, 4343
2228, 0, 4082, 4137, 3085, 2, 8.52%, 0, 0, 20, 3032.16, 5620908, 4343
2233, 0, 3918, 4138, 3086, 2, 8.52%, 0, 0, 20, 2403.74, 5632752, 4343
2238, 0, 2321, 4142, 3089, 2, 8.52%, 0, 0, 20, 2062.37, 5642848, 4343
2243, 0, 3081, 4142, 3088, 2, 8.52%, 0, 0, 20, 2103.15, 5653455, 4343
2248, 0, 954, 4143, 3087, 1, 8.52%, 0, 0, 20, 2713.47, 5667519, 4343
2253, 0, 4120, 4143, 3087, 1, 8.52%, 0, 0, 20, 2900.28, 5682420, 4343
2258, 0, 2305, 4146, 3090, 1, 8.52%, 0, 0, 20, 2168.18, 5693181, 4343
2263, 0, 3385, 4148, 3091, 3, 8.52%, 0, 0, 20, 2000.82, 5702984, 4343
2269, 0, 3749, 4148, 3091, 3, 8.52%, 0, 0, 20, 2736.00, 5717217, 4343
2274, 0, 3990, 4149, 3091, 3, 8.52%, 0, 0, 20, 2917.95, 5732355, 4343
2279, 0, 2990, 4151, 3091, 2, 8.52%, 0, 0, 20, 2747.49, 5745934, 4343
2284, 0, 954, 4156, 3095, 4, 8.52%, 0, 0, 20, 2932.02, 5760836, 4347
2289, 0, 4154, 4162, 3101, 4, 8.52%, 0, 0, 20, 3044.65, 5776182, 4347
2294, 0, 2296, 4163, 3100, 4, 8.52%, 0, 0, 20, 2724.41, 5790192, 4347
2299, 0, 1251, 4165, 3098, 3, 8.52%, 0, 0, 20, 2732.10, 5803751, 4347
2304, 0, 3133, 4166, 3098, 3, 8.52%, 0, 0, 20, 2496.26, 5816502, 4347
2309, 0, 2523, 4166, 3098, 3, 8.52%, 0, 0, 20, 2490.96, 5828600, 4347
2314, 0, 4096, 4166, 3098, 3, 8.52%, 0, 0, 20, 2392.88, 5840823, 4347
2319, 0, 3927, 4170, 3099, 5, 8.54%, 0, 0, 20, 2874.24, 5855916, 4353
2324, 0, 4169, 4171, 3099, 5, 8.54%, 0, 0, 20, 2962.41, 5871371, 4353
2330, 0, 3990, 4173, 3098, 4, 8.54%, 0, 0, 20, 2874.77, 5885916, 4354
2335, 0, 4146, 4176, 3099, 5, 8.54%, 0, 0, 20, 2715.04, 5899950, 4356
2340, 0, 2298, 4177, 3096, 3, 8.54%, 0, 0, 20, 2771.77, 5913871, 4356
2345, 0, 2287, 4179, 3096, 2, 8.54%, 0, 0, 20, 2599.21, 5927253, 4356
2350, 0, 3821, 4179, 3096, 2, 8.54%, 0, 0, 20, 2140.15, 5937703, 4356
2355, 0, 4174, 4182, 3099, 2, 8.55%, 0, 0, 20, 2736.20, 5951955, 4359
2360, 0, 3252, 4184, 3099, 5, 8.55%, 0, 0, 20, 2945.84, 5967023, 4360
2365, 0, 2989, 4191, 3104, 5, 8.55%, 0, 0, 20, 2510.45, 5977840, 4360
2370, 0, 4181, 4192, 3105, 5, 8.55%, 0, 0, 20, 2928.52, 5993147, 4360
2375, 0, 1088, 4192, 3101, 3, 8.55%, 0, 0, 20, 3001.08, 6008739, 4360
2380, 0, 320, 4192, 3099, 3, 8.55%, 0, 0, 20, 2846.33, 6022711, 4360
2385, 0, 4157, 4193, 3098, 2, 8.56%, 0, 0, 20, 3005.79, 6038018, 4363
2390, 0, 1617, 4195, 3099, 4, 8.56%, 0, 0, 20, 2985.95, 6053198, 4365
2395, 0, 3856, 4197, 3097, 2, 8.56%, 0, 0, 20, 2646.26, 6066392, 4365
2401, 0, 3990, 4198, 3095, 1, 8.56%, 0, 0, 20, 2925.09, 6081929, 4365
2406, 0, 3160, 4200, 3097, 1, 8.56%, 0, 0, 20, 2432.54, 6094684, 4365
2411, 0, 1101, 4201, 3097, 1, 8.56%, 0, 0, 20, 2467.64, 6106384, 4365
2416, 0, 3067, 4201, 3097, 1, 8.56%, 0, 0, 20, 2381.98, 6119065, 4365
2421, 0, 3787, 4202, 3098, 1, 8.56%, 0, 0, 20, 2288.64, 6131073, 4367
2426, 0, 3787, 4204, 3100, 1, 8.56%, 0, 0, 20, 1814.00, 6139687, 4367
2431, 0, 3787, 4204, 3100, 1, 8.56%, 0, 0, 20, 1710.75, 6148113, 4367
2436, 0, 3787, 4204, 3100, 1, 8.56%, 0, 0, 20, 1757.80, 6157034, 4367
2441, 0, 4203, 4205, 3100, 3, 8.56%, 0, 0, 20, 2045.49, 6167411, 4367
2446, 0, 2780, 4208, 3102, 2, 8.56%, 0, 0, 20, 2226.42, 6178205, 4367
2451, 0, 3976, 4210, 3103, 1, 8.56%, 0, 0, 20, 2144.98, 6188643, 4367
2456, 0, 3927, 4214, 3107, 1, 8.56%, 0, 0, 20, 2253.03, 6200721, 4367
2461, 0, 2061, 4214, 3107, 1, 8.56%, 0, 0, 20, 2483.57, 6214190, 4367
2466, 0, 3536, 4215, 3108, 1, 8.56%, 0, 0, 20, 2200.55, 6224617, 4367
2471, 0, 3536, 4216, 3109, 1, 8.56%, 0, 0, 20, 2223.65, 6235715, 4367
2476, 0, 4146, 4216, 3109, 2, 8.56%, 0, 0, 20, 2034.26, 6246300, 4367
2481, 0, 1572, 4217, 3110, 2, 8.56%, 0, 0, 20, 2633.69, 6260494, 4367
2486, 0, 1815, 4218, 3110, 2, 8.56%, 0, 0, 20, 2665.09, 6273108, 4367
2491, 0, 2300, 4219, 3111, 2, 8.56%, 0, 0, 20, 2513.93, 6286297, 4367
2496, 0, 402, 4222, 3114, 2, 8.56%, 0, 0, 20, 2441.22, 6298220, 4367
2501, 0, 959, 4226, 3116, 3, 8.56%, 0, 0, 20, 2291.06, 6309657, 4367
2507, 0, 2031, 4227, 3116, 2, 8.56%, 0, 0, 20, 2506.79, 6322870, 4367
2512, 0, 2352, 4228, 3116, 2, 8.56%, 0, 0, 20, 2846.14, 6337566, 4367
2517, 0, 3909, 4228, 3116, 2, 8.56%, 0, 0, 20, 2766.96, 6351943, 4367
2522, 0, 1092, 4229, 3117, 2, 8.56%, 0, 0, 20, 2730.26, 6364876, 4367
2527, 0, 4120, 4233, 3119, 4, 8.57%, 0, 0, 20, 2636.39, 6378102, 4369
2532, 0, 2493, 4233, 3119, 4, 8.57%, 0, 0, 20, 2908.70, 6393033, 4369
2537, 0, 4003, 4236, 3122, 4, 8.57%, 0, 0, 20, 2943.86, 6408608, 4369
2542, 0, 4003, 4236, 3122, 4, 8.57%, 0, 0, 20, 2905.56, 6423166, 4369
2547, 0, 4146, 4237, 3120, 3, 8.57%, 0, 0, 20, 2414.51, 6435539, 4369
2552, 0, 3351, 4239, 3121, 3, 8.57%, 0, 0, 20, 2526.45, 6447088, 4369
2557, 0, 3927, 4242, 3122, 5, 8.57%, 0, 0, 20, 2888.18, 6462330, 4369
2562, 0, 4241, 4243, 3121, 4, 8.57%, 0, 0, 20, 2798.49, 6476003, 4369
2567, 0, 2977, 4246, 3122, 5, 8.57%, 0, 0, 20, 2636.93, 6489466, 4370
2573, 0, 2989, 4248, 3121, 4, 8.57%, 0, 0, 20, 2866.22, 6504105, 4370
2578, 0, 1251, 4249, 3122, 4, 8.57%, 0, 0, 20, 2862.24, 6518298, 4370
2583, 0, 3942, 4251, 3122, 3, 8.57%, 0, 0, 20, 2750.10, 6531602, 4370
2588, 0, 2032, 4253, 3122, 2, 8.57%, 0, 0, 20, 2740.00, 6546007, 4370
2593, 0, 4155, 4255, 3123, 2, 8.57%, 0, 0, 20, 2762.20, 6559789, 4370
2598, 0, 3905, 4256, 3123, 2, 8.57%, 0, 0, 20, 2625.24, 6573664, 4370
2603, 0, 4059, 4258, 3125, 2, 8.57%, 0, 0, 20, 2221.30, 6583938, 4370
2608, 0, 3359, 4259, 3126, 2, 8.57%, 0, 0, 20, 1847.04, 6593670, 4370
2613, 0, 1457, 4260, 3125, 1, 8.57%, 0, 0, 20, 2396.99, 6606311, 4370
2618, 0, 2625, 4263, 3124, 1, 8.57%, 0, 0, 20, 2247.13, 6618407, 4372
2623, 0, 4181, 4263, 3124, 1, 8.57%, 0, 0, 20, 2423.63, 6630124, 4372
2628, 0, 3927, 4266, 3126, 1, 8.57%, 0, 0, 20, 2205.14, 6641413, 4372
2634, 0, 2262, 4266, 3125, 0, 8.57%, 0, 0, 20, 2378.35, 6653585, 4372
2639, 0, 4160, 4266, 3125, 0, 8.57%, 0, 0, 20, 2678.25, 6667458, 4372
2644, 0, 3390, 4269, 3128, 0, 8.57%, 0, 0, 20, 2278.19, 6679066, 4372
2649, 0, 3961, 4269, 3128, 0, 8.57%, 0, 0, 20, 2205.69, 6690098, 4372
2654, 0, 2706, 4270, 3129, 0, 8.57%, 0, 0, 20, 2668.04, 6704067, 4372
2659, 0, 2706, 4271, 3130, 0, 8.57%, 0, 0, 20, 1718.97, 6711687, 4372
2664, 0, 1521, 4271, 3130, 1, 8.57%, 0, 0, 20, 2183.36, 6722932, 4372
2669, 0, 3918, 4271, 3129, 1, 8.57%, 0, 0, 20, 2676.56, 6736828, 4372
2674, 0, 1010, 4272, 3130, 1, 8.57%, 0, 0, 20, 2251.64, 6747496, 4372
2679, 0, 2880, 4273, 3130, 1, 8.57%, 0, 0, 20, 2352.67, 6760121, 4372
2684, 0, 2904, 4274, 3131, 1, 8.57%, 0, 0, 20, 2128.93, 6770958, 4372
2689, 0, 3990, 4275, 3129, 1, 8.57%, 0, 0, 20, 2628.51, 6785153, 4372
2695, 0, 2115, 4276, 3128, 1, 8.57%, 0, 0, 20, 2597.22, 6798847, 4372
2700, 0, 1541, 4276, 3127, 1, 8.57%, 0, 0, 20, 2688.19, 6811805, 4372
2705, 0, 4270, 4277, 3128, 1, 8.57%, 0, 0, 20, 2254.14, 6823553, 4372
2710, 0, 3990, 4279, 3129, 0, 8.57%, 0, 0, 20, 2456.73, 6835816, 4372
2715, 0, 3274, 4279, 3129, 0, 8.57%, 0, 0, 20, 2416.69, 6848625, 4372
2720, 0, 323, 4280, 3130, 0, 8.57%, 0, 0, 20, 2657.08, 6862378, 4372
2725, 0, 973, 4282, 3132, 0, 8.57%, 0, 0, 20, 2788.70, 6876967, 4372
2730, 0, 2294, 4283, 3133, 0, 8.57%, 0, 0, 20, 2531.18, 6890201, 4372
2735, 0, 4262, 4286, 3136, 0, 8.57%, 0, 0, 20, 2695.33, 6903782, 4373
2741, 0, 4262, 4286, 3136, 0, 8.57%, 0, 0, 20, 2673.34, 6917212, 4373
2746, 0, 3927, 4286, 3135, 0, 8.57%, 0, 0, 20, 2791.25, 6931639, 4373
2751, 0, 1580, 4288, 3137, 0, 8.57%, 0, 0, 20, 2563.74, 6944617, 4373
2756, 0, 2058, 4290, 3139, 0, 8.57%, 0, 0, 20, 2616.05, 6958073, 4373
2761, 0, 2681, 4290, 3139, 0, 8.57%, 0, 0, 20, 2814.82, 6973008, 4373
2766, 0, 3073, 4290, 3139, 0, 8.57%, 0, 0, 20, 2306.68, 6984560, 4373
2771, 0, 2629, 4293, 3142, 0, 8.57%, 0, 0, 20, 2506.49, 6997684, 4373
2776, 0, 2251, 4294, 3143, 0, 8.57%, 0, 0, 20, 2349.63, 7009452, 4373
2781, 0, 2122, 4294, 3143, 0, 8.57%, 0, 0, 20, 2233.03, 7021241, 4373
2786, 0, 3133, 4295, 3144, 0, 8.57%, 0, 0, 20, 2081.74, 7031384, 4373
2791, 0, 1870, 4295, 3144, 0, 8.57%, 0, 0, 20, 2551.53, 7044790, 4373
2796, 0, 3990, 4295, 3144, 0, 8.57%, 0, 0, 20, 2938.98, 7060047, 4373
2802, 0, 2999, 4295, 3144, 0, 8.57%, 0, 0, 20, 2693.25, 7073737, 4373
2807, 0, 2069, 4299, 3148, 0, 8.57%, 0, 0, 20, 2578.27, 7087131, 4373
2812, 0, 966, 4299, 3148, 0, 8.57%, 0, 0, 20, 2370.80, 7098961, 4373
2817, 0, 3191, 4299, 3148, 0, 8.57%, 0, 0, 20, 2478.76, 7111359, 4373
2822, 0, 2692, 4300, 3148, 0, 8.58%, 0, 0, 20, 2885.59, 7126299, 4374
2827, 0, 2061, 4302, 3150, 0, 8.58%, 0, 0, 20, 2726.85, 7140410, 4374
2832, 0, 3412, 4304, 3152, 0, 8.58%, 0, 0, 20, 2463.64, 7153029, 4374
2837, 0, 2470, 4304, 3152, 0, 8.58%, 0, 0, 20, 2620.10, 7166681, 4374
2842, 0, 3544, 4305, 3153, 0, 8.58%, 0, 0, 20, 2811.11, 7180948, 4374
2847, 0, 946, 4307, 3153, 2, 8.58%, 0, 0, 20, 2421.45, 7193488, 4376
2852, 0, 3734, 4308, 3153, 2, 8.58%, 0, 0, 20, 2101.13, 7204581, 4376
2857, 0, 2212, 4308, 3152, 2, 8.58%, 0, 0, 20, 2325.71, 7216137, 4376
2862, 0, 1555, 4309, 3153, 3, 8.58%, 0, 0, 20, 2499.17, 7228948, 4376
2867, 0, 3517, 4312, 3152, 3, 8.58%, 0, 0, 20, 2884.79, 7244290, 4376
2872, 0, 2844, 4312, 3152, 3, 8.58%, 0, 0, 20, 2871.61, 7258583, 4376
2877, 0, 3042, 4316, 3154, 3, 8.58%, 0, 0, 20, 2444.43, 7271077, 4376
2882, 0, 2061, 4318, 3154, 4, 8.58%, 0, 0, 20, 2467.51, 7282984, 4377
2887, 0, 4317, 4320, 3155, 4, 8.58%, 0, 0, 20, 2590.45, 7295632, 4377
2893, 0, 320, 4324, 3156, 5, 8.58%, 0, 0, 20, 2747.86, 7309692, 4378
2898, 0, 2913, 4327, 3156, 5, 8.58%, 0, 0, 20, 2580.51, 7323312, 4378
2903, 0, 3713, 4329, 3156, 4, 8.58%, 0, 0, 20, 2365.45, 7335089, 4378
2908, 0, 2672, 4329, 3154, 3, 8.58%, 0, 0, 20, 2653.57, 7347815, 4378
2913, 0, 2278, 4329, 3153, 2, 8.58%, 0, 0, 20, 2525.65, 7360825, 4378
2918, 0, 952, 4330, 3152, 2, 8.58%, 0, 0, 20, 2900.93, 7376442, 4378
2923, 0, 954, 4330, 3152, 2, 8.58%, 0, 0, 20, 2858.21, 7390989, 4378
2928, 0, 1309, 4330, 3152, 2, 8.58%, 0, 0, 20, 2912.28, 7405610, 4378
2933, 0, 4321, 4334, 3152, 3, 8.59%, 0, 0, 20, 2859.93, 7420491, 4379
2938, 0, 4321, 4337, 3155, 3, 8.59%, 0, 0, 20, 2704.48, 7433715, 4379
2944, 0, 31, 4338, 3155, 3, 8.59%, 0, 0, 20, 2662.83, 7446786, 4379
2949, 0, 2625, 4338, 3154, 3, 8.59%, 0, 0, 20, 2842.95, 7461222, 4379
2954, 0, 3626, 4338, 3152, 3, 8.59%, 0, 0, 20, 2769.39, 7475713, 4379
2959, 0, 2655, 4340, 3153, 3, 8.59%, 0, 0, 20, 2217.68, 7485671, 4379
2964, 0, 4330, 4349, 3162, 3, 8.59%, 0, 0, 20, 2776.27, 7500317, 4379
2969, 0, 4330, 4353, 3166, 3, 8.59%, 0, 0, 20, 2882.85, 7515107, 4379
2974, 0, 4320, 4355, 3167, 4, 8.59%, 0, 0, 20, 2638.90, 7528256, 4379
2979, 0, 3174, 4356, 3165, 3, 8.59%, 0, 0, 20, 2390.24, 7539376, 4379
2984, 0, 3592, 4357, 3166, 3, 8.59%, 0, 0, 20, 2205.48, 7550090, 4379
2989, 0, 1563, 4357, 3166, 3, 8.59%, 0, 0, 20, 2541.50, 7562848, 4379
2994, 0, 2294, 4359, 3167, 3, 8.59%, 0, 0, 20, 2636.34, 7576671, 4379
2999, 0, 1029, 4361, 3169, 3, 8.59%, 0, 0, 20, 2302.22, 7588001, 4379
3005, 0, 4350, 4364, 3172, 3, 8.59%, 0, 0, 20, 2345.14, 7599750, 4379
3010, 0, 3951, 4364, 3169, 3, 8.59%, 0, 0, 20, 2551.49, 7613210, 4379
3015, 0, 3039, 4365, 3169, 3, 8.59%, 0, 0, 20, 2568.40, 7627283, 4379
3020, 0, 4333, 4365, 3166, 3, 8.59%, 0, 0, 20, 2748.87, 7641436, 4379
3025, 0, 1541, 4365, 3165, 2, 8.59%, 0, 0, 20, 2904.73, 7656511, 4379
3030, 0, 1563, 4367, 3167, 2, 8.59%, 0, 0, 20, 2845.49, 7671059, 4379
3035, 0, 2213, 4368, 3167, 2, 8.59%, 0, 0, 20, 2935.67, 7685901, 4379
3040, 0, 2309, 4368, 3167, 2, 8.59%, 0, 0, 20, 2924.04, 7701056, 4379
3045, 0, 4357, 4369, 3168, 2, 8.59%, 0, 0, 20, 2656.79, 7713240, 4383
3050, 0, 3687, 4372, 3169, 2, 8.59%, 0, 0, 20, 2499.75, 7726450, 4383
3055, 0, 3544, 4372, 3168, 2, 8.59%, 0, 0, 20, 2862.82, 7741470, 4383
3061, 0, 3927, 4372, 3166, 2, 8.59%, 0, 0, 20, 2911.63, 7756664, 4383
3066, 0, 3460, 4374, 3166, 4, 8.59%, 0, 0, 20, 2730.76, 7770601, 4383
3071, 0, 1898, 4374, 3164, 3, 8.59%, 0, 0, 20, 2625.65, 7782887, 4383
3076, 0, 4373, 4384, 3173, 5, 8.60%, 0, 0, 20, 2845.64, 7797682, 4384
3081, 0, 4373, 4387, 3176, 5, 8.60%, 0, 0, 20, 2781.11, 7811709, 4384
3086, 0, 4373, 4388, 3177, 5, 8.60%, 0, 0, 20, 2708.34, 7825704, 4384
3091, 0, 4386, 4389, 3177, 7, 8.60%, 0, 0, 20, 2784.90, 7839424, 4384
3096, 0, 4376, 4391, 3177, 6, 8.60%, 0, 0, 20, 2858.45, 7853886, 4384
3101, 0, 2355, 4394, 3175, 5, 8.60%, 0, 0, 20, 2762.14, 7868184, 4384
3107, 0, 4194, 4395, 3176, 5, 8.60%, 0, 0, 20, 3055.60, 7884482, 4384
3112, 0, 3927, 4395, 3176, 5, 8.60%, 0, 0, 20, 3094.58, 7900080, 4384
3117, 0, 1580, 4395, 3175, 4, 8.60%, 0, 0, 20, 2982.20, 7915090, 4384
3122, 0, 4387, 4395, 3174, 4, 8.60%, 0, 0, 20, 2588.97, 7927874, 4384
3127, 0, 2061, 4396, 3172, 2, 8.60%, 0, 0, 20, 2505.66, 7940538, 4384
3132, 0, 710, 4396, 3172, 2, 8.60%, 0, 0, 20, 2753.27, 7954099, 4384
3137, 0, 2638, 4398, 3170, 3, 8.60%, 0, 0, 20, 2682.18, 7967823, 4384
3142, 0, 3414, 4399, 3170, 3, 8.60%, 0, 0, 20, 2508.54, 7980248, 4384
3147, 0, 2989, 4400, 3168, 3, 8.60%, 0, 0, 20, 2589.35, 7993510, 4384
3152, 0, 4375, 4404, 3171, 3, 8.60%, 0, 0, 20, 2838.44, 8007841, 4387
3157, 0, 4375, 4406, 3173, 3, 8.60%, 0, 0, 20, 2974.45, 8022985, 4388
3162, 0, 1898, 4408, 3173, 6, 8.61%, 0, 0, 20, 2996.63, 8038406, 4392
3167, 0, 954, 4408, 3172, 5, 8.61%, 0, 0, 20, 3045.30, 8053869, 4392
3172, 0, 4015, 4408, 3168, 3, 8.61%, 0, 0, 20, 2811.10, 8068292, 4392
3178, 0, 3481, 4408, 3166, 3, 8.61%, 0, 0, 20, 2538.24, 8081605, 4392
3183, 0, 4408, 4410, 3167, 4, 8.61%, 0, 0, 20, 2786.35, 8095830, 4393
3188, 0, 4425, 4435, 3191, 7, 8.65%, 0, 0, 20, 2038.16, 8105202, 4412
3193, 0, 4425, 4438, 3194, 7, 8.67%, 0, 0, 20, 1805.85, 8114025, 4421
3198, 0, 2312, 4441, 3196, 8, 8.67%, 0, 0, 20, 2074.20, 8124341, 4421
3203, 0, 4401, 4444, 3196, 6, 8.67%, 0, 0, 20, 2707.61, 8139039, 4421
3208, 0, 4435, 4448, 3198, 6, 8.67%, 0, 0, 20, 1815.61, 8147802, 4423
3214, 0, 4435, 4450, 3200, 6, 8.67%, 0, 0, 20, 1578.72, 8155538, 4424
3219, 0, 4435, 4450, 3200, 6, 8.67%, 0, 0, 20, 1635.53, 8163878, 4424
3224, 0, 3974, 4452, 3201, 10, 8.67%, 0, 0, 20, 2167.50, 8175451, 4424
3229, 0, 3974, 4453, 3202, 10, 8.67%, 0, 0, 20, 1923.85, 8184581, 4424
3234, 0, 3209, 4454, 3202, 9, 8.67%, 0, 0, 20, 1941.74, 8193880, 4424
3239, 0, 4448, 4457, 3204, 9, 8.67%, 0, 0, 20, 2187.80, 8205642, 4424
3244, 0, 3423, 4457, 3203, 8, 8.67%, 0, 0, 20, 2560.97, 8218885, 4424
3249, 0, 3446, 4458, 3204, 8, 8.67%, 0, 0, 20, 2161.99, 8229680, 4424
3254, 0, 2236, 4459, 3205, 8, 8.67%, 0, 0, 20, 2692.55, 8243685, 4424
3259, 0, 1488, 4459, 3203, 6, 8.67%, 0, 0, 20, 2483.18, 8256447, 4424
3264, 0, 2064, 4460, 3204, 6, 8.69%, 0, 0, 20, 2768.90, 8270812, 4434
3269, 0, 3931, 4461, 3205, 7, 8.69%, 0, 0, 20, 2731.10, 8283816, 4434
3274, 0, 4459, 4461, 3203, 7, 8.69%, 0, 0, 20, 2813.79, 8298407, 4434
3279, 0, 4253, 4462, 3203, 6, 8.69%, 0, 0, 20, 2777.78, 8313130, 4434
3284, 0, 2877, 4463, 3203, 6, 8.69%, 0, 0, 20, 2786.55, 8327269, 4434
3290, 0, 4007, 4465, 3203, 5, 8.69%, 0, 0, 20, 2723.49, 8340728, 4434
3295, 0, 4447, 4467, 3205, 5, 8.69%, 0, 0, 21, 2448.88, 8353685, 4434
3300, 0, 4434, 4471, 3208, 5, 8.69%, 0, 0, 21, 2524.66, 8367370, 4434
3305, 0, 4434, 4474, 3211, 5, 8.69%, 0, 0, 21, 1725.55, 8375197, 4434
3310, 0, 4434, 4474, 3211, 5, 8.69%, 0, 0, 21, 1587.78, 8382979, 4434
3315, 0, 2657, 4476, 3212, 4, 8.69%, 0, 0, 21, 2312.25, 8395069, 4434
3320, 0, 2058, 4477, 3212, 5, 8.69%, 0, 0, 21, 2676.48, 8409341, 4434
3325, 0, 3395, 4477, 3212, 5, 8.69%, 0, 0, 21, 2218.24, 8420016, 4434
3330, 0, 2174, 4477, 3210, 4, 8.69%, 0, 0, 21, 2763.78, 8434783, 4434
3335, 0, 933, 4477, 3206, 3, 8.69%, 0, 0, 21, 2890.17, 8449688, 4434
3341, 0, 3868, 4477, 3204, 3, 8.69%, 0, 0, 21, 2514.51, 8463137, 4434
3346, 0, 4007, 4478, 3205, 3, 8.69%, 0, 0, 21, 2592.72, 8475470, 4434
3351, 0, 3905, 4478, 3205, 3, 8.69%, 0, 0, 21, 2376.97, 8487693, 4434
3356, 0, 4372, 4479, 3205, 3, 8.69%, 0, 0, 21, 2721.71, 8501526, 4434
3361, 0, 3429, 4480, 3206, 3, 8.69%, 0, 0, 21, 2721.39, 8515201, 4434
3366, 0, 4439, 4485, 3210, 3, 8.70%, 0, 0, 21, 1933.24, 8524717, 4435
3371, 0, 4439, 4485, 3210, 3, 8.70%, 0, 0, 21, 1601.60, 8532295, 4435
3376, 0, 4444, 4485, 3209, 4, 8.70%, 0, 0, 21, 1699.19, 8540816, 4435
3381, 0, 2043, 4486, 3208, 3, 8.70%, 0, 0, 21, 2541.57, 8554987, 4435
3386, 0, 4096, 4489, 3211, 3, 8.70%, 0, 0, 21, 2174.21, 8564795, 4435
3391, 0, 2405, 4491, 3211, 3, 8.70%, 0, 0, 21, 2061.18, 8574875, 4435
3396, 0, 1960, 4491, 3211, 3, 8.70%, 0, 0, 21, 2578.18, 8588506, 4435
3402, 0, 4407, 4492, 3212, 3, 8.70%, 0, 0, 21, 2304.39, 8600183, 4435
3407, 0, 4490, 4493, 3212, 3, 8.70%, 0, 0, 21, 2380.31, 8613032, 4435
3412, 0, 4489, 4494, 3210, 2, 8.70%, 0, 0, 22, 2174.94, 8624917, 4435
3417, 0, 4489, 4498, 3214, 2, 8.70%, 0, 0, 22, 1801.85, 8633661, 4436
3422, 0, 4489, 4499, 3215, 2, 8.70%, 0, 0, 22, 1704.94, 8642049, 4436
3427, 0, 2904, 4500, 3214, 2, 8.70%, 0, 0, 22, 2205.90, 8654495, 4436
3432, 0, 4496, 4500, 3213, 2, 8.70%, 0, 0, 22, 2146.99, 8665077, 4436
3437, 0, 4085, 4502, 3214, 1, 8.70%, 0, 0, 23, 2253.38, 8676528, 4436
3442, 0, 951, 4502, 3212, 1, 8.70%, 0, 0, 23, 2352.15, 8687781, 4436
3447, 0, 3272, 4503, 3213, 1, 8.70%, 0, 0, 23, 2500.48, 8701383, 4436
3452, 0, 2641, 4504, 3214, 1, 8.70%, 0, 0, 23, 2176.41, 8711810, 4436
3457, 0, 4483, 4508, 3218, 1, 8.70%, 0, 0, 23, 2156.70, 8723266, 4436
3462, 0, 4483, 4513, 3223, 1, 8.70%, 0, 0, 23, 1747.10, 8731698, 4436
3467, 0, 4483, 4515, 3225, 1, 8.70%, 0, 0, 23, 1692.54, 8739781, 4436
3472, 0, 3888, 4515, 3224, 2, 8.70%, 0, 0, 23, 2154.34, 8751737, 4436
3478, 0, 189, 4515, 3223, 2, 8.70%, 0, 0, 23, 2533.06, 8764341, 4436
3483, 0, 3737, 4515, 3222, 2, 8.70%, 0, 0, 23, 2785.42, 8778625, 4436
3488, 0, 3737, 4515, 3222, 2, 8.70%, 0, 0, 23, 2026.42, 8787962, 4436
3493, 0, 76, 4515, 3221, 1, 8.70%, 0, 0, 23, 2441.64, 8800488, 4436
3498, 0, 2061, 4515, 3221, 1, 8.70%, 0, 0, 23, 2784.83, 8815361, 4436
3503, 0, 1185, 4515, 3221, 1, 8.70%, 0, 0, 23, 2794.94, 8828880, 4436
3508, 0, 3990, 4515, 3221, 1, 8.70%, 0, 0, 23, 2987.01, 8844145, 4436
3513, 0, 4145, 4516, 3222, 1, 8.70%, 0, 0, 23, 2554.69, 8857203, 4436
3518, 0, 3927, 4516, 3218, 1, 8.70%, 0, 0, 23, 2562.41, 8869671, 4436
3523, 0, 946, 4519, 3220, 1, 8.70%, 0, 0, 23, 2413.01, 8881901, 4436
3528, 0, 4518, 4524, 3225, 1, 8.71%, 0, 0, 23, 2160.33, 8892979, 4443
3533, 0, 4518, 4525, 3226, 1, 8.71%, 0, 0, 23, 2034.90, 8903096, 4443
3539, 0, 3759, 4528, 3227, 3, 8.71%, 0, 0, 23, 2416.02, 8915977, 4443
3544, 0, 3460, 4529, 3227, 3, 8.71%, 0, 0, 23, 2213.82, 8926980, 4443
3549, 0, 960, 4530, 3227, 2, 8.71%, 0, 0, 24, 2216.47, 8937778, 4443
3554, 0, 2355, 4531, 3226, 2, 8.71%, 0, 0, 24, 2456.48, 8949602, 4443
3559, 0, 4285, 4531, 3226, 2, 8.71%, 0, 0, 24, 2872.00, 8964747, 4443
3564, 0, 3927, 4533, 3227, 2, 8.71%, 0, 0, 24, 2739.25, 8977838, 4443
3569, 0, 4521, 4539, 3233, 2, 8.71%, 0, 0, 24, 2246.02, 8989035, 4443
3574, 0, 4521, 4540, 3234, 2, 8.71%, 0, 0, 24, 2019.52, 8999328, 4443
3579, 0, 4120, 4541, 3233, 2, 8.71%, 0, 0, 24, 2496.55, 9012465, 4443
3585, 0, 3990, 4541, 3233, 2, 8.71%, 0, 0, 24, 2803.46, 9027457, 4443
3590, 0, 3990, 4542, 3232, 1, 8.71%, 0, 0, 24, 2513.24, 9039626, 4443
3595, 0, 4407, 4542, 3232, 1, 8.71%, 0, 0, 24, 2800.89, 9053870, 4443
3600, 0, 4090, 4542, 3232, 1, 8.71%, 0, 0, 24, 2947.56, 9068601, 4443
