timestamp,experiment,line_coverage,branch_coverage,function_coverage,llm_seeds_count,total_corpus
2025-05-11 21:59:11,precomputed,10.32,7.87,16.02,100,0
2025-05-11 21:59:41,precomputed,10.73,8.59,16.22,100,1424
2025-05-11 22:00:15,precomputed,10.80,8.66,16.29,100,1650
2025-05-11 22:00:48,precomputed,10.78,8.65,16.29,100,1824
2025-05-11 22:01:23,precomputed,10.80,8.66,16.29,100,1980
2025-05-11 22:01:58,precomputed,10.91,8.73,16.43,100,2104
2025-05-11 22:02:33,precomputed,10.92,8.75,16.43,100,2260
2025-05-11 22:03:09,precomputed,10.94,8.79,16.43,100,2416
2025-05-11 22:03:48,precomputed,11.04,8.88,16.46,100,2515
2025-05-11 22:04:23,precomputed,11.04,8.88,16.46,100,2569
2025-05-11 22:04:59,precomputed,11.04,8.89,16.46,100,2645
2025-05-11 22:05:35,precomputed,11.04,8.89,16.46,100,2779
2025-05-11 22:06:11,precomputed,11.04,8.90,16.46,100,2840
2025-05-11 22:06:47,precomputed,11.06,8.89,16.46,100,2918
2025-05-11 22:07:23,precomputed,11.15,9.02,16.50,100,3025
2025-05-11 22:08:00,precomputed,11.14,9.01,16.50,100,3069
2025-05-11 22:08:37,precomputed,11.16,9.03,16.50,100,3136
2025-05-11 22:09:14,precomputed,11.14,9.02,16.50,100,3215
2025-05-11 22:09:51,precomputed,11.15,9.03,16.50,100,3256
2025-05-11 22:10:28,precomputed,11.16,9.04,16.50,100,3287
2025-05-11 22:11:05,precomputed,11.16,9.04,16.50,100,3324
2025-05-11 22:11:42,precomputed,11.15,9.03,16.50,100,3353
2025-05-11 22:12:20,precomputed,11.16,9.03,16.50,100,3393
2025-05-11 22:12:57,precomputed,11.15,9.03,16.50,100,3397
2025-05-11 22:13:34,precomputed,11.15,9.03,16.50,100,3436
2025-05-11 22:14:12,precomputed,11.15,9.03,16.50,100,3477
2025-05-11 22:14:50,precomputed,11.16,9.03,16.50,100,3489
2025-05-11 22:15:28,precomputed,11.16,9.04,16.50,100,3513
2025-05-11 22:16:05,precomputed,11.15,9.03,16.50,100,3547
2025-05-11 22:16:43,precomputed,11.17,9.05,16.50,100,3590
2025-05-11 22:17:21,precomputed,11.19,9.08,16.50,100,3631
2025-05-11 22:17:59,precomputed,11.19,9.08,16.50,100,3640
2025-05-11 22:18:37,precomputed,11.19,9.08,16.50,100,3648
2025-05-11 22:19:15,precomputed,11.22,9.10,16.50,100,3673
2025-05-11 22:19:53,precomputed,11.22,9.09,16.50,100,3688
2025-05-11 22:20:31,precomputed,11.21,9.09,16.50,100,3699
2025-05-11 22:21:08,precomputed,11.23,9.11,16.50,100,3714
2025-05-11 22:21:46,precomputed,11.23,9.11,16.50,100,3762
2025-05-11 22:22:24,precomputed,11.22,9.11,16.50,100,3783
2025-05-11 22:23:02,precomputed,11.22,9.10,16.50,100,3809
2025-05-11 22:23:41,precomputed,11.22,9.12,16.50,100,3820
2025-05-11 22:24:19,precomputed,11.23,9.12,16.50,100,3831
2025-05-11 22:24:57,precomputed,11.24,9.13,16.50,100,3846
2025-05-11 22:25:35,precomputed,11.23,9.12,16.50,100,3849
2025-05-11 22:26:13,precomputed,11.23,9.13,16.50,100,3908
2025-05-11 22:26:51,precomputed,11.27,9.16,16.60,100,3949
2025-05-11 22:27:30,precomputed,11.27,9.15,16.60,100,3952
2025-05-11 22:28:08,precomputed,11.27,9.15,16.60,100,3953
2025-05-11 22:28:46,precomputed,11.28,9.15,16.60,100,3965
2025-05-11 22:29:25,precomputed,11.28,9.16,16.60,100,3982
2025-05-11 22:30:03,precomputed,11.28,9.16,16.60,100,3986
2025-05-11 22:30:41,precomputed,11.28,9.16,16.60,100,3994
2025-05-11 22:31:20,precomputed,11.28,9.16,16.60,100,4008
2025-05-11 22:31:59,precomputed,11.27,9.16,16.60,100,4015
2025-05-11 22:32:37,precomputed,11.28,9.15,16.60,100,4017
2025-05-11 22:33:17,precomputed,11.27,9.16,16.60,100,4032
2025-05-11 22:33:55,precomputed,11.27,9.15,16.60,100,4043
2025-05-11 22:34:34,precomputed,11.28,9.16,16.60,100,4044
2025-05-11 22:35:12,precomputed,11.27,9.15,16.60,100,4052
2025-05-11 22:35:51,precomputed,11.28,9.15,16.60,100,4055
2025-05-11 22:36:30,precomputed,11.29,9.17,16.60,100,4067
2025-05-11 22:37:10,precomputed,11.29,9.17,16.60,100,4074
2025-05-11 22:37:49,precomputed,11.28,9.16,16.60,100,4076
2025-05-11 22:38:29,precomputed,11.28,9.16,16.60,100,4076
2025-05-11 22:39:08,precomputed,11.29,9.17,16.60,100,4077
2025-05-11 22:39:47,precomputed,11.28,9.16,16.60,100,4147
2025-05-11 22:40:26,precomputed,11.28,9.16,16.60,100,4188
2025-05-11 22:41:05,precomputed,11.29,9.18,16.60,100,4247
2025-05-11 22:41:44,precomputed,11.30,9.19,16.60,100,4278
2025-05-11 22:42:23,precomputed,11.30,9.18,16.60,100,4323
2025-05-11 22:43:03,precomputed,11.30,9.19,16.60,100,4333
2025-05-11 22:43:42,precomputed,11.29,9.18,16.60,100,4355
2025-05-11 22:44:22,precomputed,11.30,9.19,16.60,100,4379
2025-05-11 22:45:02,precomputed,11.32,9.20,16.60,100,4417
2025-05-11 22:45:41,precomputed,11.31,9.20,16.60,100,4445
2025-05-11 22:46:21,precomputed,11.31,9.19,16.60,100,4454
2025-05-11 22:47:01,precomputed,11.31,9.20,16.60,100,4497
2025-05-11 22:47:40,precomputed,11.30,9.19,16.60,100,4513
2025-05-11 22:48:19,precomputed,11.31,9.20,16.60,100,4524
2025-05-11 22:48:59,precomputed,11.31,9.20,16.60,100,4535
2025-05-11 22:49:38,precomputed,11.32,9.20,16.60,100,4568
2025-05-11 22:50:18,precomputed,11.32,9.19,16.60,100,4572
2025-05-11 22:50:57,precomputed,11.32,9.20,16.60,100,4595
2025-05-11 22:51:37,precomputed,11.31,9.19,16.60,100,4615
2025-05-11 22:52:18,precomputed,11.32,9.19,16.60,100,4638
2025-05-11 22:52:58,precomputed,11.32,9.20,16.60,100,4648
2025-05-11 22:53:38,precomputed,11.32,9.20,16.60,100,4649
2025-05-11 22:54:17,precomputed,11.32,9.20,16.60,100,4667
2025-05-11 22:54:57,precomputed,11.32,9.20,16.60,100,4679
2025-05-11 22:55:37,precomputed,11.32,9.20,16.60,100,4688
2025-05-11 22:56:16,precomputed,11.31,9.20,16.60,100,4695
2025-05-11 22:56:56,precomputed,11.31,9.20,16.60,100,4698
2025-05-11 22:57:36,precomputed,11.31,9.20,16.60,100,4702
2025-05-11 22:58:16,precomputed,11.32,9.21,16.60,100,4704
2025-05-11 22:58:56,precomputed,11.31,9.20,16.60,100,4704
